name,full-name,class,intelligence,strength,speed,durability,power,combat,publisher,alignment,gender,race,height-cm,weight-kg,eye-color,hair-color,url
A-Bomb,Richard Milhouse Jones,20,38,100,17,80,24,64,Marvel Comics,good,Male,Human,203,441,Yellow,No Hair,https://www.superherodb.com/pictures2/portraits/10/100/10060.jpg
Abe Sapien,Abraham Sapien,10,88,28,35,65,100,85,Dark Horse Comics,good,Male,Icthyo Sapien,191,65,Blue,No Hair,https://www.superherodb.com/pictures2/portraits/10/100/956.jpg
Abomination,Emil Blonsky,22,63,80,53,90,62,95,Marvel Comics,bad,Male,Human / Radiation,203,441,Green,No Hair,https://www.superherodb.com/pictures2/portraits/10/100/1.jpg
Absorbing Man,Carl Creel,13,38,80,25,100,98,64,Marvel Comics,bad,Male,Human,193,122,Blue,No Hair,https://www.superherodb.com/pictures2/portraits/10/100/1448.jpg
Adam Strange,Adam Strange,7,69,10,33,40,37,50,DC Comics,good,Male,Human,185,88,Blue,Blond,https://www.superherodb.com/pictures2/portraits/10/100/626.jpg
Agent Bob,Bob,2,10,8,13,5,5,20,Marvel Comics,good,Male,Human,178,81,Brown,Brown,https://www.superherodb.com/pictures2/portraits/10/100/10255.jpg
Ajax,Francis,6,56,48,35,80,34,55,Marvel Comics,bad,Male,Cyborg,193,90,Brown,Black,https://www.superherodb.com/pictures2/portraits/10/100/10422.jpg
Alfred Pennyworth,Alfred Thaddeus Crane Pennyworth,5,63,10,17,10,7,55,DC Comics,good,Male,Human,178,72,Blue,Black,https://www.superherodb.com/pictures2/portraits/10/100/628.jpg
Angel Dust,Christina,4,38,55,23,42,17,30,Marvel Comics,good,Female,Mutant,165,57,Yellow,Black,https://www.superherodb.com/pictures2/portraits/10/100/10405.jpg
Animal Man,Bernhard Baker,7,56,48,47,85,73,80,DC Comics,good,Male,Human,183,83,Blue,Blond,https://www.superherodb.com/pictures2/portraits/10/100/632.jpg
Ant-Man,Hank Pym,9,100,18,23,28,32,32,Giant-Man,good,Male,Human,211,122,Blue,Blond,https://www.superherodb.com/pictures2/portraits/10/100/857.jpg
Ant-Man II,Scott Lang,7,75,18,17,40,53,30,Marvel Comics,good,Male,Human,183,86,Blue,Blond,https://www.superherodb.com/pictures2/portraits/10/100/166.jpg
Apocalypse,En Sabah Nur,31,100,100,33,100,100,60,Marvel Comics,bad,Male,Mutant,213,135,Red,Black,https://www.superherodb.com/pictures2/portraits/10/100/852.jpg
Aqualad,Garth,7,63,44,42,75,89,60,DC Comics,good,Male,Atlantean,178,106,Blue,Black,https://www.superherodb.com/pictures2/portraits/10/100/1395.jpg
Aquaman,Orin,14,81,85,79,80,100,80,DC Comics,good,Male,Atlantean,185,146,Blue,Blond,https://www.superherodb.com/pictures2/portraits/10/100/634.jpg
Arachne,Julia Carpenter,6,50,48,50,70,71,70,Marvel Comics,good,Female,Human,175,63,Blue,Blond,https://www.superherodb.com/pictures2/portraits/10/100/882.jpg
Archangel,Warren Kenneth Worthington III,6,63,13,58,64,35,42,Angel,good,Male,Mutant,183,68,Blue,Blond,https://www.superherodb.com/pictures2/portraits/10/100/838.jpg
Ardina,Ardina,21,63,100,100,80,100,25,Marvel Comics,good,Female,Alien,193,98,White,Orange,https://www.superherodb.com/pictures2/portraits/10/100/10132.jpg
Atlas,Erik Josten,9,63,80,25,100,98,50,Goliath,good,Male,Mutant,183,101,Brown,Red,https://www.superherodb.com/pictures2/portraits/10/100/878.jpg
Atom II,Ray Palmer,8,88,10,33,45,40,60,DC Comics,good,Male,Human,183,81,Brown,Auburn,https://www.superherodb.com/pictures2/portraits/10/100/938.jpg
Aurora,Jeanne-Marie Beaubier,8,63,10,96,60,74,56,Marvel Comics,good,Female,Mutant,180,63,Blue,Black,https://www.superherodb.com/pictures2/portraits/10/100/1289.jpg
Banshee,Sean Cassidy,5,50,10,58,40,63,70,Marvel Comics,good,Male,Human,183,77,Green,Strawberry Blond,https://www.superherodb.com/pictures2/portraits/10/100/26.jpg
Batgirl,Barbara Gordon,8,88,11,33,40,34,90,Oracle,good,Female,Human,170,57,Green,Red,https://www.superherodb.com/pictures2/portraits/10/100/1111.jpg
Batgirl IV,Cassandra Cain,6,69,12,27,56,46,100,DC Comics,good,Female,Human,165,52,Green,Black,https://www.superherodb.com/pictures2/portraits/10/100/1113.jpg
Batman,Terry McGinnis,8,81,40,29,55,63,90,DC Comics,good,Male,Human,178,77,Blue,Black,https://www.superherodb.com/pictures2/portraits/10/100/10441.jpg
Batman,Bruce Wayne,9,100,26,27,50,47,100,DC Comics,good,Male,Human,188,95,blue,black,https://www.superherodb.com/pictures2/portraits/10/100/639.jpg
Batman II,Dick Grayson,8,88,11,33,28,36,100,Nightwing,good,Male,Human,178,79,Blue,Black,https://www.superherodb.com/pictures2/portraits/10/100/1496.jpg
Beast,Henry Philip McCoy,10,94,48,38,60,43,85,Marvel Comics,good,Male,Mutant,180,181,Blue,Blue,https://www.superherodb.com/pictures2/portraits/10/100/27.jpg
Beast Boy,Garfield Mark Logan,6,50,28,50,70,79,40,DC Comics,good,Male,Human,173,68,Green,Green,https://www.superherodb.com/pictures2/portraits/10/100/640.jpg
Big Barda,Barda Free,16,88,100,79,100,100,100,DC Comics,bad,Female,New God,188,135,Blue,Black,https://www.superherodb.com/pictures2/portraits/10/100/1169.jpg
Bishop,Lucas Bishop,9,63,14,23,75,100,65,Marvel Comics,good,Male,Mutant,198,124,Brown,No Hair,https://www.superherodb.com/pictures2/portraits/10/100/31.jpg
Bizarro,Bizarro,12,38,95,100,100,100,85,DC Comics,neutral,Male,Bizarro,191,155,Black,Black,https://www.superherodb.com/pictures2/portraits/10/100/642.jpg
Black Bolt,Blackagar Boltagon,11,75,67,100,84,100,56,Marvel Comics,good,Male,Inhuman,188,95,Blue,Black,https://www.superherodb.com/pictures2/portraits/10/100/243.jpg
Black Canary,Laurel Lance,6,63,8,33,20,52,80,DC Comics,good,Female,Metahuman,170,59,Blue,Blond,https://www.superherodb.com/pictures2/portraits/10/100/1005.jpg
Black Canary,Dinah Drake Lance,5,63,8,33,15,45,80,DC Comics,good,Female,Human,165,58,Blue,Blond,https://www.superherodb.com/pictures2/portraits/10/100/644.jpg
Black Cat,Felicia Hardy,6,75,16,33,10,23,70,Marvel Comics,good,Female,Human,178,54,Green,Blond,https://www.superherodb.com/pictures2/portraits/10/100/32.jpg
Black Knight III,Dane Whitman,6,63,10,8,70,43,70,Marvel Comics,good,Male,Human,183,86,Brown,Brown,https://www.superherodb.com/pictures2/portraits/10/100/246.jpg
Black Manta,David,8,75,28,50,60,76,85,DC Comics,bad,Male,Human,188,92,Black,No Hair,https://www.superherodb.com/pictures2/portraits/10/100/10546.jpg
Black Panther,T'Challa,11,88,16,30,60,41,100,Marvel Comics,good,Male,Human,183,90,Brown,Black,https://www.superherodb.com/pictures2/portraits/10/100/247.jpg
Black Widow,Natasha Romanoff,7,75,13,33,30,36,100,Marvel Comics,good,Female,Human,170,59,Green,Auburn,https://www.superherodb.com/pictures2/portraits/10/100/248.jpg
Blade,Eric Brooks,6,63,28,38,50,40,90,Marvel Comics,good,Male,Vampire,188,97,Brown,Black,https://www.superherodb.com/pictures2/portraits/10/100/33.jpg
Blink,Clarice Ferguson,5,50,8,20,28,77,64,Marvel Comics,good,Female,Mutant,165,56,Green,Magenta,https://www.superherodb.com/pictures2/portraits/10/100/35.jpg
Bloodaxe,Jackie Lukus,9,63,80,33,80,100,84,Marvel Comics,bad,Female,Human,218,495,Blue,Brown,https://www.superherodb.com/pictures2/portraits/10/100/1509.jpg
Boom-Boom,Tabitha Smith,4,38,10,12,42,57,64,Meltdown,good,Female,Mutant,165,55,Blue,Blond,https://www.superherodb.com/pictures2/portraits/10/100/400.jpg
Booster Gold,Michael Jon Carter,13,69,85,42,70,100,40,DC Comics,good,Male,Human,196,97,Blue,Blond,https://www.superherodb.com/pictures2/portraits/10/100/647.jpg
Brainiac,Vril Dox,15,100,95,63,90,60,75,DC Comics,bad,Male,Android,198,135,Green,No Hair,https://www.superherodb.com/pictures2/portraits/10/100/648.jpg
Buffy,Buffy Anne Summers,6,63,28,42,70,48,60,Dark Horse Comics,good,Female,Human,157,52,Green,Blond,https://www.superherodb.com/pictures2/portraits/10/100/10430.jpg
Bullseye,Lester,5,50,11,25,70,20,70,Marvel Comics,bad,Male,Human,183,90,blue,blond,https://www.superherodb.com/pictures2/portraits/10/100/624.jpg
Bumblebee,Karen Beecher,5,63,28,25,10,47,35,DC Comics,good,Female,Human,170,59,Brown,Black,https://www.superherodb.com/pictures2/portraits/10/100/1542.jpg
Cable,Nathan Summers,22,88,48,23,56,100,80,Marvel Comics,good,Male,Mutant,203,158,Blue,White,https://www.superherodb.com/pictures2/portraits/10/100/40.jpg
Captain America,Steve Rogers,8,69,19,38,55,60,100,Marvel Comics,good,Male,Human,188,108,blue,blond,https://www.superherodb.com/pictures2/portraits/10/100/274.jpg
Captain Atom,Nathaniel Adam,37,81,93,83,90,100,80,DC Comics,good,Male,Human / Radiation,193,90,Blue,Silver,https://www.superherodb.com/pictures2/portraits/10/100/1007.jpg
Captain Britain,Brian Braddock,8,75,77,50,60,31,80,Marvel Comics,good,Male,Human,198,116,Blue,Blond,https://www.superherodb.com/pictures2/portraits/10/100/276.jpg
Captain Marvel,Billy Batson,41,88,100,88,95,100,75,DC Comics,good,Male,Human,193,101,Blue,Black,https://www.superherodb.com/pictures2/portraits/10/100/278.jpg
Captain Marvel,Carol Danvers,15,84,88,71,95,100,90,Binary,good,Female,Human-Kree,180,74,Blue,Blond,https://www.superherodb.com/pictures2/portraits/10/100/103.jpg
Captain Marvel II,Frederick Christopher Freeman,8,75,81,27,90,34,56,DC Comics,good,Male,Human,175,74,Blue,Black,https://www.superherodb.com/pictures2/portraits/10/100/279.jpg
Carnage,Cletus Kasady,8,63,63,70,84,88,90,Marvel Comics,bad,Male,Symbiote,185,86,Green,Red,https://www.superherodb.com/pictures2/portraits/10/100/187.jpg
Catwoman,Selina Kyle,6,69,11,33,28,27,85,DC Comics,good,Female,Human,175,61,Green,Black,https://www.superherodb.com/pictures2/portraits/10/100/659.jpg
Chamber,Jonothon Evan Starsmore,5,50,10,20,80,57,64,Marvel Comics,good,Male,Mutant,175,63,Brown,Brown,https://www.superherodb.com/pictures2/portraits/10/100/44.jpg
Cheetah,Priscilla Rich,4,38,8,42,20,32,70,DC Comics,bad,Female,Human,163,50,Green,Blond,https://www.superherodb.com/pictures2/portraits/10/100/661.jpg
Cheetah II,Deborah Domaine,4,38,20,42,20,39,60,DC Comics,bad,Female,Human,170,55,Green,Brown,https://www.superherodb.com/pictures2/portraits/10/100/925.jpg
Cheetah III,Barbara Minerva,15,88,100,88,80,78,95,DC Comics,bad,Female,Human,175,54,Brown,Brown,https://www.superherodb.com/pictures2/portraits/10/100/926.jpg
Citizen Steel,Nathan Heywood,12,50,95,33,100,23,60,DC Comics,good,Male,Human,183,170,Green,Red,https://www.superherodb.com/pictures2/portraits/10/100/10661.jpg
Clock King,William Tockman,6,75,10,17,10,7,40,DC Comics,bad,Male,Human,178,78,Blue,Black,https://www.superherodb.com/pictures2/portraits/10/100/10396.jpg
Colossus,Piotr Nikolaievitch Rasputin,8,63,83,33,100,45,80,Marvel Comics,good,Male,Mutant,226,225,Silver,Black,https://www.superherodb.com/pictures2/portraits/10/100/48.jpg
Copycat,Vanessa Carlysle,5,56,10,21,25,54,60,Marvel Comics,neutral,Female,Mutant,183,67,Red,White,https://www.superherodb.com/pictures2/portraits/10/100/10423.jpg
Cottonmouth,Burchell Clemens,4,50,10,8,10,27,25,Marvel Comics,bad,Male,Human,183,99,Brown,Black,https://www.superherodb.com/pictures2/portraits/10/100/10452.jpg
Crystal,Crystallia Amaquelin,6,63,16,12,14,61,56,Marvel Comics,good,Female,Inhuman,168,50,Green,Red,https://www.superherodb.com/pictures2/portraits/10/100/305.jpg
Cyborg,Victor Stone,8,75,53,42,85,71,64,DC Comics,good,Male,Cyborg,198,173,Brown,Black,https://www.superherodb.com/pictures2/portraits/10/100/1204.jpg
Cyclops,Scott Summers,8,75,10,23,42,76,80,Marvel Comics,good,Male,Mutant,191,88,Brown,Brown,https://www.superherodb.com/pictures2/portraits/10/100/50.jpg
Daredevil,Matt Murdock,7,75,13,25,35,61,100,Marvel Comics,good,Male,Human,183,90,Blue,Red,https://www.superherodb.com/pictures2/portraits/10/100/52.jpg
Darkhawk,Christopher Powell,6,50,32,33,70,74,64,Marvel Comics,good,Male,Human,185,81,Brown,Brown,https://www.superherodb.com/pictures2/portraits/10/100/53.jpg
Darkseid,Uxas,78,88,100,83,100,100,95,DC Comics,bad,Male,New God,267,817,Red,No Hair,https://www.superherodb.com/pictures2/portraits/10/100/668.jpg
Darkstar,Laynia Petrovna,5,38,8,35,42,79,64,Marvel Comics,good,Female,Mutant,168,56,Brown,Blond,https://www.superherodb.com/pictures2/portraits/10/100/169.jpg
Darth Vader,Anakin Skywalker,20,69,48,33,35,100,100,George Lucas,bad,Male,Cyborg,198,135,Yellow,No Hair,https://www.superherodb.com/pictures2/portraits/10/100/10444.jpg
Dash,Dashiell Robert Parr,4,25,12,92,60,20,30,Dark Horse Comics,good,Male,Human,122,27,Blue,Blond,https://www.superherodb.com/pictures2/portraits/10/100/824.jpg
Dazzler,Alison Blaire,9,63,10,33,60,100,55,Marvel Comics,good,Female,Mutant,173,52,Blue,Blond,https://www.superherodb.com/pictures2/portraits/10/100/1043.jpg
Deadman,Boston Brand,18,50,10,33,100,100,42,DC Comics,good,Male,Human,183,90,Blue,Black,https://www.superherodb.com/pictures2/portraits/10/100/1472.jpg
Deadpool,Wade Wilson,12,69,32,50,100,100,100,Evil Deadpool,neutral,Male,Mutant,188,95,Brown,No Hair,https://www.superherodb.com/pictures2/portraits/10/100/835.jpg
Deadshot,Floyd Lawton,5,50,10,23,28,55,80,DC Comics,bad,Male,Human,185,91,Brown,Brown,https://www.superherodb.com/pictures2/portraits/10/100/670.jpg
Deathlok,Luther Manning,6,69,32,30,70,40,60,Marvel Comics,good,Male,Cyborg,193,178,Brown,Grey,https://www.superherodb.com/pictures2/portraits/10/100/1304.jpg
Deathstroke,Slade Joseph Wilson,12,75,30,35,100,47,90,DC Comics,neutral,Male,Human,193,101,Blue,White,https://www.superherodb.com/pictures2/portraits/10/100/672.jpg
Diamondback,Willis Stryker,7,44,16,23,28,45,60,Marvel Comics,bad,Male,Human,193,90,Brown,Black,https://www.superherodb.com/pictures2/portraits/10/100/1404.jpg
Doc Samson,Leonard Samson,8,75,80,33,80,36,70,Marvel Comics,good,Male,Human / Radiation,198,171,Blue,Green,https://www.superherodb.com/pictures2/portraits/10/100/54.jpg
Doctor Doom,Victor von Doom,18,100,32,20,100,100,84,Marvel Comics,bad,Male,Human,201,187,Brown,Brown,https://www.superherodb.com/pictures2/portraits/10/100/189.jpg
Doctor Fate,Kent Nelson,32,81,16,25,80,100,50,DC Comics,good,Male,Human,188,89,Blue,Blond,https://www.superherodb.com/pictures2/portraits/10/100/676.jpg
Doctor Octopus,Otto Octavius,9,94,48,33,40,53,65,Marvel Comics,bad,Male,Human,175,110,Brown,Brown,https://www.superherodb.com/pictures2/portraits/10/100/622.jpg
Doctor Strange,Stephen Strange,120,100,10,12,84,100,60,Marvel Comics,good,Male,Human,188,81,Grey,Black,https://www.superherodb.com/pictures2/portraits/10/100/55.jpg
Domino,Neena Thurman,5,63,10,27,28,49,74,Marvel Comics,good,Female,Human,173,54,Blue,Black,https://www.superherodb.com/pictures2/portraits/10/100/902.jpg
Doomsday,Doomsday,20,75,100,67,100,100,90,DC Comics,bad,Male,Alien,244,412,Red,White,https://www.superherodb.com/pictures2/portraits/10/100/679.jpg
Drax the Destroyer,Arthur Sampson Douglas,7,56,80,25,85,46,65,Marvel Comics,good,Male,Human / Altered,193,306,Red,No Hair,https://www.superherodb.com/pictures2/portraits/10/100/10016.jpg
Elastigirl,Helen Parr,7,63,32,33,95,52,70,Dark Horse Comics,good,Female,Human,168,56,Brown,Brown,https://www.superherodb.com/pictures2/portraits/10/100/870.jpg
Electro,Maxwell Dillon,7,69,10,50,56,67,64,Marvel Comics,bad,Male,Human,180,74,Blue,Auburn,https://www.superherodb.com/pictures2/portraits/10/100/7.jpg
Elektra,Elektra Natchios,6,63,11,30,28,59,100,Marvel Comics,good,Female,Human,175,59,Blue,Black,https://www.superherodb.com/pictures2/portraits/10/100/625.jpg
Enchantress,June Moone,10,63,14,25,60,100,40,DC Comics,good,Female,Human,168,57,Blue,Blond,https://www.superherodb.com/pictures2/portraits/10/100/687.jpg
Etrigan,Jason Blood,10,50,85,17,100,100,50,DC Comics,neutral,Male,Demon,193,203,Red,No Hair,https://www.superherodb.com/pictures2/portraits/10/100/10429.jpg
Evil Deadpool,Wade Wilson,20,69,32,50,100,100,100,Deadpool,bad,Male,Mutant,188,95,White,Red,https://www.superherodb.com/pictures2/portraits/10/100/10090.jpg
Evilhawk,Dargin Bokk,6,50,32,33,70,85,64,Marvel Comics,bad,Male,Alien,191,106,Red,Black,https://www.superherodb.com/pictures2/portraits/10/100/1516.jpg
Exodus,Bennet du Paris,13,63,81,28,28,100,70,Marvel Comics,bad,Male,Mutant,183,88,Blue,Black,https://www.superherodb.com/pictures2/portraits/10/100/1517.jpg
Falcon,Sam Wilson,4,38,13,50,28,22,64,Marvel Comics,good,Male,Human,188,108,Brown,Black,https://www.superherodb.com/pictures2/portraits/10/100/56.jpg
Firestar,Angelica Jones,6,50,8,54,55,71,32,Marvel Comics,good,Female,Mutant,173,56,Green,Red,https://www.superherodb.com/pictures2/portraits/10/100/60.jpg
Firestorm,Ronald Raymond,9,38,80,58,80,100,40,DC Comics,good,Male,Human,188,91,Blue,Auburn,https://www.superherodb.com/pictures2/portraits/10/100/10395.jpg
Flash,Jay Garrick,7,63,10,100,50,68,32,DC Comics,good,Male,Human,180,81,Blue,Brown / White,https://www.superherodb.com/pictures2/portraits/10/100/891.jpg
Flash II,Barry Allen,22,88,48,100,60,100,60,Black Racer,good,Male,Black Racer,183,88,Blue,Blond,https://www.superherodb.com/pictures2/portraits/10/100/892.jpg
Flash IV,Bartholomew Allen II,10,63,10,100,32,100,48,Impulse,good,Male,Human,157,52,Yellow,Auburn,https://www.superherodb.com/pictures2/portraits/10/100/893.jpg
Franklin Richards,Franklin  Richards,54,63,80,50,60,100,50,Marvel Comics,good,Male,Mutant,142,45,Blue,Blond,https://www.superherodb.com/pictures2/portraits/10/100/63.jpg
Galactus,Galan,177,100,100,83,100,100,50,Marvel Comics,neutral,Male,Cosmic Entity,876,16,Black,Black,https://www.superherodb.com/pictures2/portraits/10/100/862.jpg
Gambit,Remy Etienne LeBeau,6,63,10,23,28,55,84,Marvel Comics,good,Male,Mutant,185,81,Red,Brown,https://www.superherodb.com/pictures2/portraits/10/100/64.jpg
Gamora,Gamora Zen Whoberi Ben Titan,9,75,85,42,85,53,100,Marvel Comics,good,Female,Zen-Whoberian,183,77,Yellow,Black,https://www.superherodb.com/pictures2/portraits/10/100/65.jpg
Ghost Rider,Johnny Blaze,71,50,55,25,100,100,60,Marvel Comics,good,Male,Demon,188,99,Red,No Hair,https://www.superherodb.com/pictures2/portraits/10/100/67.jpg
Gladiator,Kallark,12,50,100,100,100,77,70,Marvel Comics,neutral,Male,Strontian,198,268,Blue,Blue,https://www.superherodb.com/pictures2/portraits/10/100/1521.jpg
Gorilla Grodd,Grodd,10,81,53,33,70,100,65,DC Comics,bad,Male,Gorilla,198,270,Yellow,Black,https://www.superherodb.com/pictures2/portraits/10/100/694.jpg
Gravity,Greg Willis,5,50,32,33,40,69,30,Marvel Comics,good,Male,Human,178,79,Blue,Brown,https://www.superherodb.com/pictures2/portraits/10/100/74.jpg
Green Arrow,Oliver Queen,7,81,12,35,28,39,90,DC Comics,good,Male,Human,188,88,Green,Blond,https://www.superherodb.com/pictures2/portraits/10/100/696.jpg
Green Goblin,Norman Osborn,10,100,48,38,60,48,50,Marvel Comics,bad,Male,Human,180,83,Blue,Auburn,https://www.superherodb.com/pictures2/portraits/10/100/579.jpg
Guy Gardner,Guy Gardner,11,38,90,53,64,100,64,DC Comics,good,Male,Human-Vuldarian,188,95,Blue,Red,https://www.superherodb.com/pictures2/portraits/10/100/700.jpg
Hal Jordan,Hal Jordan,27,69,90,75,80,100,70,DC Comics,good,Male,Human,188,90,Brown,Brown,https://www.superherodb.com/pictures2/portraits/10/100/697.jpg
Han Solo,Han Solo,4,50,10,17,20,43,60,George Lucas,good,Male,Human,183,79,Brown,Brown,https://www.superherodb.com/pictures2/portraits/10/100/10456.jpg
Harley Quinn,Harley Quinn,8,88,12,33,65,55,80,DC Comics,bad,Female,Human,170,63,Blue,Blond,https://www.superherodb.com/pictures2/portraits/10/100/701.jpg
Havok,Alexander Summers,6,63,10,25,60,71,45,Marvel Comics,good,Male,Mutant,183,79,Blue,Blond,https://www.superherodb.com/pictures2/portraits/10/100/77.jpg
Hawkeye,Clint Barton,5,56,12,21,10,29,80,Goliath,good,Male,Human,191,104,Blue,Blond,https://www.superherodb.com/pictures2/portraits/10/100/73.jpg
Hawkeye II,Katherine Elizabeth Bishop,4,50,6,8,10,24,50,Marvel Comics,good,Female,Human,165,57,Blue,Black,https://www.superherodb.com/pictures2/portraits/10/100/10043.jpg
Heat Wave,Mick Rory,4,38,10,17,45,27,30,DC Comics,bad,Male,Human,180,81,Blue,No Hair,https://www.superherodb.com/pictures2/portraits/10/100/705.jpg
Hellboy,Anung Un Rama,28,63,53,21,95,73,75,Dark Horse Comics,good,Male,Demon,259,158,Gold,Black,https://www.superherodb.com/pictures2/portraits/10/100/813.jpg
Hellcat,Patricia Walker,6,63,11,33,45,46,70,Marvel Comics,good,Female,Human,173,61,Blue,Red,https://www.superherodb.com/pictures2/portraits/10/100/79.jpg
Hercules,Heracles,22,63,100,46,85,89,100,Marvel Comics,good,Male,Demi-God,196,146,Blue,Brown,https://www.superherodb.com/pictures2/portraits/10/100/78.jpg
Hulk,Bruce Banner,34,88,100,63,100,98,85,Marvel Comics,good,Male,Human / Radiation,244,630,Green,Green,https://www.superherodb.com/pictures2/portraits/10/100/83.jpg
Human Torch,Johnny Storm,8,63,11,63,70,87,42,Marvel Comics,good,Male,Human / Radiation,178,77,Blue,Blond,https://www.superherodb.com/pictures2/portraits/10/100/362.jpg
Husk,Paige Elisabeth Guthrie,7,63,63,35,78,48,64,Marvel Comics,good,Female,Mutant,170,58,Blue,Blond,https://www.superherodb.com/pictures2/portraits/10/100/84.jpg
Hybrid,Scott Washington,9,63,63,58,75,100,80,Marvel Comics,good,Male,Symbiote,175,77,Brown,Black,https://www.superherodb.com/pictures2/portraits/10/100/10493.jpg
Hyperion,Mark Milton,16,88,100,100,95,87,80,Marvel Comics,good,Male,Eternal,183,207,Blue,Red,https://www.superherodb.com/pictures2/portraits/10/100/1286.jpg
Iceman,Bobby Drake,10,63,32,53,100,100,64,Marvel Comics,good,Male,Mutant,173,65,Brown,Brown,https://www.superherodb.com/pictures2/portraits/10/100/816.jpg
Impulse,Bartholomew Allen II,7,50,10,100,60,74,60,Flash IV,good,Male,Human,170,65,Yellow,Auburn,https://www.superherodb.com/pictures2/portraits/10/100/895.jpg
Ink,Eric Gitter,4,38,28,17,40,73,50,Marvel Comics,good,Male,Mutant,180,81,Blue,No Hair,https://www.superherodb.com/pictures2/portraits/10/100/10337.jpg
Invisible Woman,Susan Storm Richards,10,88,10,27,85,93,56,Marvel Comics,good,Female,Human / Radiation,168,54,blue,Blond,https://www.superherodb.com/pictures2/portraits/10/100/620.jpg
Iron Fist,Danny Rand,8,75,55,33,50,95,100,Marvel Comics,good,Male,Human,180,79,Blue,Blond,https://www.superherodb.com/pictures2/portraits/10/100/1120.jpg
Iron Man,Tony Stark,14,100,85,58,85,100,64,Marvel Comics,good,Male,Human,198,191,Blue,Black,https://www.superherodb.com/pictures2/portraits/10/100/85.jpg
Jack of Hearts,Jonathan Hart,8,63,55,100,30,77,30,Marvel Comics,good,Male,Human,155,79,Blue / White,Brown,https://www.superherodb.com/pictures2/portraits/10/100/86.jpg
Jack-Jack,Jack-Jack Parr,4,6,34,67,80,100,6,Dark Horse Comics,good,Male,Human,71,14,Blue,Brown,https://www.superherodb.com/pictures2/portraits/10/100/871.jpg
James T. Kirk,James T. Kirk,6,69,11,17,30,30,75,Star Trek,good,Male,Human,178,77,Hazel,Brown,https://www.superherodb.com/pictures2/portraits/10/100/10565.jpg
Jean Grey,Jean Grey,11,94,80,21,20,92,70,Phoenix,good,Female,Mutant,168,52,Green,Red,https://www.superherodb.com/pictures2/portraits/10/100/814.jpg
Jessica Jones,Jessica Campbell Jones Cage,6,56,44,50,70,18,55,Power Woman,good,Female,Human,170,56,Brown,Brown,https://www.superherodb.com/pictures2/portraits/10/100/10403.jpg
John Stewart,John Stewart,11,56,85,42,64,100,65,DC Comics,good,Male,Human,185,90,Green,Black,https://www.superherodb.com/pictures2/portraits/10/100/873.jpg
Joker,Jack Napier,10,100,10,12,60,43,70,DC Comics,bad,Male,Human,196,86,Green,Green,https://www.superherodb.com/pictures2/portraits/10/100/719.jpg
Jubilee,Jubilation Lee,5,56,8,22,20,66,90,Marvel Comics,good,Female,Mutant,165,52,Red,Black,https://www.superherodb.com/pictures2/portraits/10/100/87.jpg
Juggernaut,Cain Marko,5,44,100,42,100,85,70,Marvel Comics,neutral,Male,Human,287,855,Blue,Red,https://www.superherodb.com/pictures2/portraits/10/100/826.jpg
Justice,Vance Astrovik,28,50,10,33,70,55,30,Marvel Comics,good,Male,Human,178,81,Hazel,Brown,https://www.superherodb.com/pictures2/portraits/10/100/88.jpg
Killer Croc,Waylon Jones,5,19,53,35,90,53,60,DC Comics,bad,Male,Metahuman,244,356,Red,No Hair,https://www.superherodb.com/pictures2/portraits/10/100/723.jpg
Kingpin,Wilson Grant Fisk,4,75,18,25,40,13,70,Marvel Comics,bad,Male,Human,201,203,Blue,No Hair,https://www.superherodb.com/pictures2/portraits/10/100/623.jpg
Klaw,Ulysses Klaw,6,63,38,33,100,62,60,Marvel Comics,bad,Male,Human,188,97,Red,No Hair,https://www.superherodb.com/pictures2/portraits/10/100/1539.jpg
Kraven II,Alyosha Kravinoff,7,50,34,23,28,43,85,Marvel Comics,bad,Male,Human,191,99,Brown,Black,https://www.superherodb.com/pictures2/portraits/10/100/1034.jpg
Kraven the Hunter,Sergei Kravinoff,4,63,32,35,42,25,85,Marvel Comics,bad,Male,Human,183,106,Brown,Black,https://www.superherodb.com/pictures2/portraits/10/100/1033.jpg
Krypto,Krypto the Superdog,5,9,80,100,90,82,40,DC Comics,good,Male,Kryptonian,64,18,Blue,White,https://www.superherodb.com/pictures2/portraits/10/100/725.jpg
Kyle Rayner,Kyle Rayner,6,69,90,50,60,100,60,DC Comics,good,Male,Human,180,79,Green,Black,https://www.superherodb.com/pictures2/portraits/10/100/1409.jpg
Lady Deathstrike,Yuriko Oyama,13,63,28,42,85,48,90,Marvel Comics,bad,Female,Cyborg,175,58,Brown,Black,https://www.superherodb.com/pictures2/portraits/10/100/810.jpg
Legion,David Haller,6,50,100,42,30,100,75,Marvel Comics,good,Male,Mutant,175,59,Green / Blue,Black,https://www.superherodb.com/pictures2/portraits/10/100/10651.jpg
Lex Luthor,Lex Luthor,40,100,53,25,65,68,70,DC Comics,bad,Male,Human,188,95,Green,No Hair,https://www.superherodb.com/pictures2/portraits/10/100/727.jpg
Lizard,Curtis Connors,10,50,51,27,70,63,56,Marvel Comics,bad,Male,Human,203,230,Red,No Hair,https://www.superherodb.com/pictures2/portraits/10/100/11.jpg
Lobo,Lobo,6,94,100,54,100,100,85,DC Comics,neutral,Male,Czarnian,229,288,Red,Black,https://www.superherodb.com/pictures2/portraits/10/100/1127.jpg
Loki,Loki Laufeyson,19,88,63,46,85,100,60,Marvel Comics,bad,Male,Asgardian,193,236,Green,Black,https://www.superherodb.com/pictures2/portraits/10/100/928.jpg
Luke Cage,Luke Cage,12,50,63,29,95,44,70,Power Man,good,Male,Human,198,191,Brown,Black,https://www.superherodb.com/pictures2/portraits/10/100/269.jpg
Luke Skywalker,Luke Skywalker,6,69,38,42,25,100,100,George Lucas,good,Male,Human,168,77,Blue,Blond,https://www.superherodb.com/pictures2/portraits/10/100/10447.jpg
Magneto,Erik Magnus Lensherr,13,88,80,27,84,91,80,Marvel Comics,bad,Male,Mutant,188,86,Grey,White,https://www.superherodb.com/pictures2/portraits/10/100/12.jpg
Mandarin,Khan,11,100,28,23,28,100,95,Marvel Comics,bad,Male,Human,188,97,Blue,White,https://www.superherodb.com/pictures2/portraits/10/100/1175.jpg
Martian Manhunter,J'onn J'onzz,11,100,95,92,100,100,85,DC Comics,good,Male,Martian,201,135,Red,No Hair,https://www.superherodb.com/pictures2/portraits/10/100/733.jpg
Medusa,Medusalith Amaquelin Boltagon,26,75,34,35,70,37,56,Marvel Comics,good,Female,Inhuman,180,59,Green,Red,https://www.superherodb.com/pictures2/portraits/10/100/96.jpg
Mera,Mera,7,56,62,79,60,92,80,DC Comics,good,Female,Atlantean,175,72,Blue,Red,https://www.superherodb.com/pictures2/portraits/10/100/1388.jpg
Metallo,John Corben,8,75,53,23,95,86,64,DC Comics,bad,Male,Android,196,90,Green,Brown,https://www.superherodb.com/pictures2/portraits/10/100/737.jpg
Mister Fantastic,Reed Richards,9,100,10,18,70,33,64,Marvel Comics,good,Male,Human / Radiation,185,81,Brown,Brown,https://www.superherodb.com/pictures2/portraits/10/100/408.jpg
Mister Sinister,Nathaniel Essex,10,100,48,46,90,100,50,Marvel Comics,bad,Male,Human / Altered,196,128,Red,Black,https://www.superherodb.com/pictures2/portraits/10/100/856.jpg
Mockingbird,Barbara Morse,10,75,31,38,20,48,95,Marvel Comics,good,Female,Human,175,61,Blue,Blond,https://www.superherodb.com/pictures2/portraits/10/100/1328.jpg
MODOK,George Tarleton,7,100,18,25,25,79,15,Marvel Comics,bad,Male,Cyborg,366,338,White,Brownn,https://www.superherodb.com/pictures2/portraits/10/100/10438.jpg
Moon Knight,Marc Spector,10,50,36,23,42,28,75,Marvel Comics,good,Male,Human,188,101,Brown,Brown,https://www.superherodb.com/pictures2/portraits/10/100/415.jpg
Mr Immortal,Craig Hollis,4,50,10,8,100,69,30,Marvel Comics,good,Male,Mutant,188,70,Blue,Blond,https://www.superherodb.com/pictures2/portraits/10/100/10794.jpg
Mr Incredible,Robert Parr,6,50,83,33,95,29,40,Dark Horse Comics,good,Male,Human,201,158,Blue,Blond,https://www.superherodb.com/pictures2/portraits/10/100/869.jpg
Mysterio,Quentin Beck,7,81,10,17,40,82,70,Marvel Comics,bad,Male,Human,180,79,Brown,No Hair,https://www.superherodb.com/pictures2/portraits/10/100/1039.jpg
Mystique,Raven Darkholme,8,75,12,23,64,64,74,Marvel Comics,bad,Female,Mutant,178,54,Yellow (without irises),Red / Orange,https://www.superherodb.com/pictures2/portraits/10/100/817.jpg
Namor,Namor McKenzie,7,69,95,58,70,73,85,Marvel Comics,good,Male,Atlantean,188,125,Grey,Black,https://www.superherodb.com/pictures2/portraits/10/100/137.jpg
Nick Fury,Nicholas Joseph Fury,11,75,11,23,42,25,100,Marvel Comics,good,Male,Human,185,99,Brown,Brown / White,https://www.superherodb.com/pictures2/portraits/10/100/326.jpg
Nightwing,Dick Grayson,6,88,11,33,28,36,100,Batman II,good,Male,Human,178,79,Blue,Black,https://www.superherodb.com/pictures2/portraits/10/100/851.jpg
Nova,Richard Rider,8,100,85,75,100,100,80,Marvel Comics,good,Male,Human,185,86,Brown,Brown,https://www.superherodb.com/pictures2/portraits/10/100/109.jpg
Nova,Frankie Raye,24,63,60,100,100,100,35,Marvel Comics,good,Female,Human / Cosmic,163,59,White,Red,https://www.superherodb.com/pictures2/portraits/10/100/10313.jpg
Odin,Odin Borson,11,100,83,67,95,100,90,Marvel Comics,good,Male,God / Eternal,206,293,Blue,White,https://www.superherodb.com/pictures2/portraits/10/100/10388.jpg
Onslaught,Onslaught,94,88,100,33,100,100,55,Marvel Comics,bad,Male,Mutant,305,405,Red,No Hair,https://www.superherodb.com/pictures2/portraits/10/100/13.jpg
Oracle,Barbara Gordon,82,75,11,23,28,19,76,Batgirl,good,Female,Human,178,59,Blue,Red,https://www.superherodb.com/pictures2/portraits/10/100/749.jpg
Penguin,Oswald Chesterfield Cobblepot,7,75,10,12,28,30,45,DC Comics,bad,Male,Human,157,79,Blue,Black,https://www.superherodb.com/pictures2/portraits/10/100/753.jpg
Phoenix,Jean Grey,8,100,100,83,100,100,80,Jean Grey,good,Female,Mutant,168,52,Green,Red,https://www.superherodb.com/pictures2/portraits/10/100/828.jpg
Plantman,Samuel Smithers,48,63,60,25,55,61,25,Marvel Comics,bad,Male,Mutant,183,87,Green,Grey,https://www.superherodb.com/pictures2/portraits/10/100/10487.jpg
Plastic Man,Patrick O'Brian,6,50,63,23,100,100,56,DC Comics,good,Male,Human,185,80,Blue,Black,https://www.superherodb.com/pictures2/portraits/10/100/756.jpg
Poison Ivy,Pamela Isley,10,81,14,21,40,100,40,DC Comics,bad,Female,Human,168,50,Green,Red,https://www.superherodb.com/pictures2/portraits/10/100/757.jpg
Polaris,Lorna Dane,10,63,73,42,50,100,45,Marvel Comics,good,Female,Mutant,170,52,Green,Green,https://www.superherodb.com/pictures2/portraits/10/100/1046.jpg
Power Girl,Kara Zor-L,8,94,100,100,100,100,75,DC Comics,good,Female,Kryptonian,180,81,blue,blond,https://www.superherodb.com/pictures2/portraits/10/100/758.jpg
Professor X,Charles Francis Xavier,18,100,8,12,14,100,32,Marvel Comics,good,Male,Mutant,183,86,Blue,No Hair,https://www.superherodb.com/pictures2/portraits/10/100/113.jpg
Professor Zoom,Eobard Thawne,11,94,10,100,20,83,20,DC Comics,bad,Male,Human,180,81,Blue,Strawberry Blond,https://www.superherodb.com/pictures2/portraits/10/100/766.jpg
Psylocke,Elizabeth Braddock,11,63,33,25,40,100,90,Marvel Comics,good,Female,Mutant,180,70,Blue,Purple,https://www.superherodb.com/pictures2/portraits/10/100/114.jpg
Punisher,Frank Castle,8,69,16,21,45,42,100,Marvel Comics,good,Male,Human,183,90,Blue,Black,https://www.superherodb.com/pictures2/portraits/10/100/112.jpg
Purple Man,Zebediah Killgrave,6,56,10,8,30,92,10,Marvel Comics,bad,Male,Human,180,74,Purple,Purple,https://www.superherodb.com/pictures2/portraits/10/100/10451.jpg
Question,Charles Victor Szasz,6,81,14,27,35,20,80,DC Comics,good,Male,Human,188,83,Blue,Blond,https://www.superherodb.com/pictures2/portraits/10/100/760.jpg
Quicksilver,Pietro Django Maximoff,8,63,28,100,60,81,56,Marvel Comics,good,Male,Mutant,183,79,Blue,Silver,https://www.superherodb.com/pictures2/portraits/10/100/115.jpg
Ra's Al Ghul,Ra's Al Ghul,8,100,28,32,42,27,100,DC Comics,bad,Male,Human,193,97,Green,Grey,https://www.superherodb.com/pictures2/portraits/10/100/761.jpg
Raven,Rachel Roth,8,50,10,29,70,84,40,DC Comics,neutral,Female,Human,165,50,Indigo,Black,https://www.superherodb.com/pictures2/portraits/10/100/764.jpg
Ray,Ray Terrill,40,50,10,92,100,100,20,DC Comics,good,Male,Human,178,70,Green,Red,https://www.superherodb.com/pictures2/portraits/10/100/10204.jpg
Red Arrow,Roy Harper,10,63,16,25,20,23,80,DC Comics,good,Male,Human,180,83,Green,Red,https://www.superherodb.com/pictures2/portraits/10/100/1013.jpg
Red Hood,Jason Todd,5,75,12,23,28,35,95,Robin II,neutral,Male,Human,183,81,Blue,Black,https://www.superherodb.com/pictures2/portraits/10/100/932.jpg
Red Hulk,Thaddeus E. Ross,6,50,100,47,85,82,75,Marvel Comics,neutral,Male,Human / Radiation,213,630,Yellow,Black,https://www.superherodb.com/pictures2/portraits/10/100/1342.jpg
Red Robin,Tim Drake,11,81,11,27,32,29,80,Robin III,good,Male,Human,165,56,Blue,Black,https://www.superherodb.com/pictures2/portraits/10/100/10009.jpg
Red Tornado,John Smith,7,75,38,67,60,100,40,DC Comics,good,Male,Android,185,146,Green,No Hair,https://www.superherodb.com/pictures2/portraits/10/100/1149.jpg
Rhino,Aleksei Mikhailovich Sytsevich,26,25,80,43,90,36,85,Marvel Comics,bad,Male,Human / Radiation,196,320,Brown,Brown,https://www.superherodb.com/pictures2/portraits/10/100/15.jpg
Robin,Dick Grayson,5,88,11,27,28,32,85,Batman II,good,Male,Human,178,79,Blue,Black,https://www.superherodb.com/pictures2/portraits/10/100/850.jpg
Robin II,Jason Todd,8,75,11,27,28,28,85,Red Hood,good,Male,Human,183,101,Blue,Red,https://www.superherodb.com/pictures2/portraits/10/100/849.jpg
Robin III,Tim Drake,6,81,11,27,28,29,85,Red Robin,good,Male,Human,165,56,Blue,Black,https://www.superherodb.com/pictures2/portraits/10/100/769.jpg
Robin V,Damian Wayne,7,69,8,33,16,29,65,DC Comics,good,Male,Human,137,38,Blue,Black,https://www.superherodb.com/pictures2/portraits/10/100/1473.jpg
Rocket Raccoon,Rocket Raccoon,6,50,5,23,28,28,64,Marvel Comics,good,Male,Animal,122,25,Brown,Brown,https://www.superherodb.com/pictures2/portraits/10/100/10010.jpg
Ronin,Clint Barton,4,56,12,21,10,13,80,Goliath,good,Male,Human,191,104,Blue,Blond,https://www.superherodb.com/pictures2/portraits/10/100/1202.jpg
Rorschach,Walter Joseph Kovacs,5,75,10,29,20,23,80,DC Comics,good,Male,Human,168,63,Blue,Red,https://www.superherodb.com/pictures2/portraits/10/100/771.jpg
Sabretooth,Victor Creed,6,56,48,38,90,50,100,Marvel Comics,bad,Male,Mutant,198,171,Amber,Blond,https://www.superherodb.com/pictures2/portraits/10/100/17.jpg
Sandman,William Baker,6,44,75,46,90,100,60,Marvel Comics,neutral,Male,Human,185,203,Brown,Brown,https://www.superherodb.com/pictures2/portraits/10/100/621.jpg
Scarecrow,Jonathan Crane,9,81,10,12,14,48,50,DC Comics,bad,Male,Human,183,63,Blue,Brown,https://www.superherodb.com/pictures2/portraits/10/100/819.jpg
Scarlet Spider,Benjamin Reilly,7,75,53,60,74,46,56,Spider-Carnage,good,Male,Human,178,74,Blue,Blond,https://www.superherodb.com/pictures2/portraits/10/100/174.jpg
Scarlet Spider II,Kaine Parker,8,88,55,60,40,37,56,Marvel Comics,good,Male,Clone,193,113,Brown,Brown,https://www.superherodb.com/pictures2/portraits/10/100/1536.jpg
Scarlet Witch,Wanda Maximoff,8,100,10,29,70,100,80,Marvel Comics,bad,Female,Mutant,170,59,Blue,Brown,https://www.superherodb.com/pictures2/portraits/10/100/444.jpg
Scorpion,MacDonald Gargan,41,50,52,60,85,49,80,Venom III,bad,Male,Human,211,310,Brown,Brown,https://www.superherodb.com/pictures2/portraits/10/100/1041.jpg
Sentry,Robert Reynolds,6,75,100,100,84,100,40,Marvel Comics,neutral,Male,Mutant,188,87,Blue,Blond,https://www.superherodb.com/pictures2/portraits/10/100/447.jpg
Shadow Lass,Tasmia Mallor,41,63,10,67,20,79,80,DC Comics,good,Female,Talokite,173,54,Black,Black,https://www.superherodb.com/pictures2/portraits/10/100/1195.jpg
Shadowcat,Kitty Pryde,6,88,8,21,25,69,70,Marvel Comics,good,Female,Mutant,168,50,Hazel,Brown,https://www.superherodb.com/pictures2/portraits/10/100/122.jpg
Shang-Chi,Shang-Chi,8,63,12,30,50,29,100,Marvel Comics,good,Male,Human,178,79,Brown,Black,https://www.superherodb.com/pictures2/portraits/10/100/454.jpg
She-Hulk,Jennifer Walters,5,81,100,42,100,40,70,Marvel Comics,good,Female,Human,201,315,Green,Green,https://www.superherodb.com/pictures2/portraits/10/100/125.jpg
She-Thing,Sharon Ventura,18,69,72,21,80,23,65,Ms Marvel II,good,Female,Human / Radiation,183,153,Blue,No Hair,https://www.superherodb.com/pictures2/portraits/10/100/461.jpg
Shocker,Herman Schultz,7,63,10,23,70,79,56,Marvel Comics,bad,Male,Human,175,79,Brown,Brown,https://www.superherodb.com/pictures2/portraits/10/100/19.jpg
Sif,Sif,7,63,90,67,80,100,70,Marvel Comics,good,Female,Asgardian,188,191,Blue,Black,https://www.superherodb.com/pictures2/portraits/10/100/1533.jpg
Silver Surfer,Norrin Radd,12,56,100,100,90,100,32,Marvel Comics,good,Male,Alien,193,101,White,No Hair,https://www.superherodb.com/pictures2/portraits/10/100/127.jpg
Sinestro,Thaal Sinestro,47,75,85,53,64,100,55,DC Comics,neutral,Male,Korugaran,201,92,Black,Black,https://www.superherodb.com/pictures2/portraits/10/100/781.jpg
Siren,Hila,12,56,62,79,60,92,60,DC Comics,bad,Female,Atlantean,175,72,Blue,Purple,https://www.superherodb.com/pictures2/portraits/10/100/1387.jpg
Solomon Grundy,Cyrus Gold,8,9,93,13,100,92,30,DC Comics,bad,Male,Zombie,279,437,Black,White,https://www.superherodb.com/pictures2/portraits/10/100/782.jpg
Spawn,Al Simmons,7,75,60,50,90,100,95,Image Comics,good,Male,Demon,211,405,Brown,Black,https://www.superherodb.com/pictures2/portraits/10/100/842.jpg
Spider-Girl,May 'Mayday' Parker,19,63,38,60,65,53,75,Marvel Comics,good,Female,Human,170,54,Blue,Brown,https://www.superherodb.com/pictures2/portraits/10/100/480.jpg
Spider-Gwen,Gwen Stacy,6,75,55,63,70,66,70,Marvel Comics,good,Female,Human,165,56,Blue,Blond,https://www.superherodb.com/pictures2/portraits/10/100/10507.jpg
Spider-Man,Peter Parker,8,90,55,67,75,74,85,Marvel Comics,good,Male,Human,178,74,Hazel,Brown,https://www.superherodb.com/pictures2/portraits/10/100/133.jpg
Spider-Woman,Jessica Drew,10,56,42,42,60,68,70,Marvel Comics,good,Female,Human,178,59,Green,Black,https://www.superherodb.com/pictures2/portraits/10/100/481.jpg
Spock,S'chn T'gai Spock,6,81,18,17,40,56,40,Star Trek,good,Male,Human-Vulcan,185,81,Brown,Black,https://www.superherodb.com/pictures2/portraits/10/100/10566.jpg
Spyke,Evan Daniels,7,50,12,17,60,48,30,Marvel Comics,good,Male,Mutant,183,83,Brown,Blond,https://www.superherodb.com/pictures2/portraits/10/100/1455.jpg
Star-Lord,Peter Jason Quill,5,69,20,33,50,25,70,Marvel Comics,good,Male,Human-Spartoi,188,79,Blue,Blond,https://www.superherodb.com/pictures2/portraits/10/100/10015.jpg
Starfire,Koriand'r,6,50,80,33,85,59,70,DC Comics,good,Female,Tamaranean,193,71,Green,Auburn,https://www.superherodb.com/pictures2/portraits/10/100/786.jpg
Stargirl,Courtney Whitmore,13,63,80,25,90,87,55,DC Comics,good,Female,Human,165,62,Blue,Blond,https://www.superherodb.com/pictures2/portraits/10/100/1326.jpg
Static,Virgil Hawkins,9,69,8,42,50,90,40,DC Comics,good,Male,Mutant,170,63,Brown,Black,https://www.superherodb.com/pictures2/portraits/10/100/1471.jpg
Storm,Ororo Munroe,8,75,10,47,30,88,75,Marvel Comics,good,Female,Mutant,180,57,Blue,White,https://www.superherodb.com/pictures2/portraits/10/100/135.jpg
Sunspot,Roberto DaCosta,7,63,63,35,25,90,70,Marvel Comics,good,Male,Mutant,173,77,brown,black,https://www.superherodb.com/pictures2/portraits/10/100/138.jpg
Superboy-Prime,Kal-El,8,94,100,100,100,100,85,DC Comics,bad,Male,Kryptonian,180,77,Blue,Black / Blue,https://www.superherodb.com/pictures2/portraits/10/100/1535.jpg
Supergirl,Kara Zor-El,19,94,100,100,100,100,75,DC Comics,good,Female,Kryptonian,165,54,Blue,Blond,https://www.superherodb.com/pictures2/portraits/10/100/790.jpg
Superman,Clark Kent,19,94,100,100,100,100,85,Superman Prime One-Million,good,Male,Kryptonian,191,101,Blue,Black,https://www.superherodb.com/pictures2/portraits/10/100/791.jpg
Swarm,Fritz von Meyer,17,75,18,50,90,38,35,Marvel Comics,bad,Male,Mutant,196,47,Yellow,No Hair,https://www.superherodb.com/pictures2/portraits/10/100/10428.jpg
Taskmaster,Tony Masters,8,75,12,50,20,63,100,Marvel Comics,bad,Male,Human,188,99,Brown,Brown,https://www.superherodb.com/pictures2/portraits/10/100/21.jpg
Thanos,Thanos,7,100,100,33,100,100,80,Marvel Comics,bad,Male,Eternal,201,443,Red,No Hair,https://www.superherodb.com/pictures2/portraits/10/100/1305.jpg
The Comedian,Edward Morgen Blake,77,63,14,17,10,12,80,DC Comics,neutral,Male,Human,188,101,Brown,Black,https://www.superherodb.com/pictures2/portraits/10/100/1062.jpg
Thing,Ben Grimm,5,75,84,21,100,38,80,Marvel Comics,good,Male,Human / Radiation,183,225,Blue,No Hair,https://www.superherodb.com/pictures2/portraits/10/100/139.jpg
Thor,Thor Odinson,9,69,100,83,100,100,100,Rune King Thor,good,Male,Asgardian,198,288,Blue,Blond,https://www.superherodb.com/pictures2/portraits/10/100/140.jpg
Thor Girl,Tarene,29,75,83,70,84,100,70,Marvel Comics,good,Female,Asgardian,175,143,Blue,Blond,https://www.superherodb.com/pictures2/portraits/10/100/1296.jpg
Tiger Shark,Todd Arliss,12,38,72,46,70,51,28,Marvel Comics,bad,Male,Human,185,203,Grey,No Hair,https://www.superherodb.com/pictures2/portraits/10/100/10047.jpg
Toad,Mortimer Toynbee,5,50,34,58,56,70,28,Marvel Comics,neutral,Male,Mutant,175,76,Black,Brown,https://www.superherodb.com/pictures2/portraits/10/100/1125.jpg
Toxin,Patrick Mulligan,5,56,73,70,84,82,70,Marvel Comics,good,Male,Symbiote,188,97,Blue,Brown,https://www.superherodb.com/pictures2/portraits/10/100/848.jpg
Toxin,Eddie Brock,8,75,80,42,85,97,70,Anti-Venom,good,Male,Symbiote,191,117,Black,Blond,https://www.superherodb.com/pictures2/portraits/10/100/10494.jpg
Triton,Triton,10,56,63,50,65,35,55,Marvel Comics,good,Male,Inhuman,188,86,Green,No Hair,https://www.superherodb.com/pictures2/portraits/10/100/513.jpg
Venom,Eddie Brock,6,75,57,65,84,86,84,Anti-Venom,bad,Male,Symbiote,191,117,Blue,Strawberry Blond,https://www.superherodb.com/pictures2/portraits/10/100/22.jpg
Venom III,MacDonald Gargan,9,63,73,35,90,73,56,Scorpion,bad,Male,Symbiote,229,334,Brown,Brown,https://www.superherodb.com/pictures2/portraits/10/100/1042.jpg
Vibe,Cisco Ramon,8,50,10,17,30,99,30,DC Comics,good,Male,Human,178,71,Brown,Black,https://www.superherodb.com/pictures2/portraits/10/100/10509.jpg
Vindicator,Heather Hudson,6,63,63,53,64,58,70,Vindicator II,good,Female,Human,165,54,Green,Red,https://www.superherodb.com/pictures2/portraits/10/100/150.jpg
Violet Parr,Violet Parr,7,56,9,13,50,79,15,Dark Horse Comics,good,Female,Human,137,41,Violet,Black,https://www.superherodb.com/pictures2/portraits/10/100/825.jpg
Vision,Vision,6,100,72,54,95,100,70,Anti-Vision,good,Male,Android,191,135,Gold,No Hair,https://www.superherodb.com/pictures2/portraits/10/100/532.jpg
Vixen,Mari McCabe,13,50,38,50,50,62,25,DC Comics,good,Female,Human,175,63,Amber,Black,https://www.superherodb.com/pictures2/portraits/10/100/10109.jpg
Vulture,Adrian Toomes,5,75,22,42,25,26,30,Marvel Comics,bad,Male,Human,180,79,Brown,No Hair,https://www.superherodb.com/pictures2/portraits/10/100/1031.jpg
Walrus,Hubert Carpent,6,50,28,8,50,11,20,Marvel Comics,bad,Male,Human,183,162,Blue,Black,https://www.superherodb.com/pictures2/portraits/10/100/10058.jpg
War Machine,James Rupert Rhodes,4,63,80,63,100,100,85,Marvel Comics,good,Male,Human,185,95,Brown,Brown,https://www.superherodb.com/pictures2/portraits/10/100/536.jpg
Warpath,James Proudstar,12,38,72,47,70,26,84,Thunderbird II,good,Male,Mutant,218,158,Brown,Black,https://www.superherodb.com/pictures2/portraits/10/100/541.jpg
Wasp,Janet Van Dyne,5,63,17,58,52,29,42,Marvel Comics,good,Female,Human,163,50,Blue,Auburn,https://www.superherodb.com/pictures2/portraits/10/100/155.jpg
Winter Soldier,Bucky Barnes,5,56,32,35,65,60,84,Marvel Comics,good,Male,Human,175,117,Brown,Brown,https://www.superherodb.com/pictures2/portraits/10/100/10027.jpg
Wolverine,Logan,6,63,32,50,100,89,100,Marvel Comics,good,Male,Mutant,160,135,Blue,Black,https://www.superherodb.com/pictures2/portraits/10/100/161.jpg
Wonder Girl,Cassandra Elizabeth Sandsmark,9,75,90,25,80,39,60,DC Comics,good,Female,Demi-God,165,51,Blue,Blond,https://www.superherodb.com/pictures2/portraits/10/100/1497.jpg
Wonder Woman,Diana Prince,17,88,100,79,100,100,100,DC Comics,good,Female,Amazon,183,74,Blue,Black,https://www.superherodb.com/pictures2/portraits/10/100/807.jpg
X-23,Laura Kinney,8,75,24,42,100,55,95,Marvel Comics,good,Female,Mutant / Clone,155,50,Green,Black,https://www.superherodb.com/pictures2/portraits/10/100/565.jpg
Yellowjacket,Hank Pym,8,88,10,12,28,12,14,Ant-Man,good,Male,Human,183,83,Blue,Blond,https://www.superherodb.com/pictures2/portraits/10/100/70.jpg
Yellowjacket II,Rita DeMara,4,50,10,35,28,31,28,Marvel Comics,good,Female,Human,165,52,Blue,Strawberry Blond,https://www.superherodb.com/pictures2/portraits/10/100/178.jpg
Yoda,Yoda,13,88,52,33,25,100,90,George Lucas,good,Male,Yoda's species,66,17,Brown,White,https://www.superherodb.com/pictures2/portraits/10/100/10454.jpg
Zatanna,Zatanna Zatara,10,81,10,23,28,100,56,DC Comics,good,Female,Human,170,57,Blue,Black,https://www.superherodb.com/pictures2/portraits/10/100/809.jpg
